<?xml version="1.0" encoding="UTF-8"?>
<project-private xmlns="http://www.netbeans.org/ns/project-private/1">
    <editor-bookmarks xmlns="http://www.netbeans.org/ns/editor-bookmarks/2" lastBookmarkId="0"/>
    <open-files xmlns="http://www.netbeans.org/ns/projectui-open-files/2">
        <group>
            <file>file:/D:/MPLABX%20Projects/motor_speed_control.X/interrupt.c</file>
            <file>file:/D:/MPLABX%20Projects/motor_speed_control.X/GPIO.c</file>
            <file>file:/D:/MPLABX%20Projects/motor_speed_control.X/Timer.c</file>
            <file>file:/D:/MPLABX%20Projects/motor_speed_control.X/interrupt.h</file>
            <file>file:/D:/MPLABX%20Projects/motor_speed_control.X/main.c</file>
        </group>
    </open-files>
</project-private>
